"BROKEN","EPIC","FAILED","FEATURE","PASSED","SKIPPED","STORY","UNKNOWN"
"0","Buying paint","0","Purchase a colour tester","1","0","Shade without a tester option","0"
"0","Exploring colours","0","Use the Dulux site","6","0","Search for a shade","0"
"0","Buying paint","0","Purchase a colour tester","2","0","See the basket","0"
"0","Buying paint","0","Purchase a colour tester","4","0","Edit the basket","0"
"0","Buying paint","0","Purchase a colour tester","4","0","Change the tester quantity","0"
"0","Buying paint","0","Purchase a colour tester","2","0","Leave the basket","0"
"0","Buying paint","0","Purchase a colour tester","5","0","Add a tester to the basket","0"
"0","Using the site","0","Use the Dulux site","3","0","Main navigation","0"
"0","Buying paint","0","Purchase a colour tester","1","0","See the price","0"
"0","Exploring colours","0","Open the Dulux Visualizer experience","2","0","Open the Visualizer","0"
"0","Buying paint","0","Purchase a colour tester","1","0","Find a shade","0"
"0","Using the site","0","Use the Dulux site","2","0","Cookie consent","0"
"0","Buying paint","0","Purchase a colour tester","1","0","Handle a failed add to the basket","0"
